variant,iteration,elapsed_ms,ok,result_chars,count,response_bytes,status
empty,1,183.304,true,,0,0,0
empty,2,194.023,true,,0,0,0
empty,3,188.959,true,,0,0,0
empty,4,189.925,true,,0,0,0
empty,5,176.599,true,,0,0,0
empty,6,210.007,true,,0,0,0
empty,7,178.826,true,,0,0,0
empty,8,186.277,true,,0,0,0
empty,9,181.060,true,,0,0,0
empty,10,184.772,true,,0,0,0
empty,11,179.758,true,,0,0,0
empty,12,184.725,true,,0,0,0
empty,13,204.898,true,,0,0,0
empty,14,183.334,true,,0,0,0
empty,15,178.641,true,,0,0,0
empty,16,185.029,true,,0,0,0
empty,17,181.867,true,,0,0,0
empty,18,177.658,true,,0,0,0
empty,19,202.562,true,,0,0,0
empty,20,182.211,true,,0,0,0
http,1,207.878,true,,0,46030,200
http,2,224.084,true,,0,46030,200
http,3,207.536,true,,0,46030,200
http,4,195.964,true,,0,46030,200
http,5,208.287,true,,0,46030,200
http,6,212.858,true,,0,46030,200
http,7,211.649,true,,0,46030,200
http,8,205.713,true,,0,46030,200
http,9,218.880,true,,0,46030,200
http,10,214.794,true,,0,46030,200
http,11,196.343,true,,0,46030,200
http,12,195.438,true,,0,46030,200
http,13,233.062,true,,0,46030,200
http,14,236.459,true,,0,46030,200
http,15,205.138,true,,0,46030,200
http,16,215.388,true,,0,46030,200
http,17,226.003,true,,0,46030,200
http,18,235.895,true,,0,46030,200
http,19,245.531,true,,0,46030,200
http,20,195.267,true,,0,46030,200
http_rhino_count,1,218.980,true,,20,46030,200
http_rhino_count,2,214.759,true,,20,46030,200
http_rhino_count,3,208.308,true,,20,46030,200
http_rhino_count,4,227.940,true,,20,46030,200
http_rhino_count,5,230.254,true,,20,46030,200
http_rhino_count,6,259.608,true,,20,46030,200
http_rhino_count,7,245.406,true,,20,46030,200
http_rhino_count,8,288.709,true,,20,46030,200
http_rhino_count,9,260.602,true,,20,46030,200
http_rhino_count,10,242.180,true,,20,46030,200
http_rhino_count,11,228.136,true,,20,46030,200
http_rhino_count,12,257.426,true,,20,46030,200
http_rhino_count,13,241.898,true,,20,46030,200
http_rhino_count,14,235.359,true,,20,46030,200
http_rhino_count,15,256.816,true,,20,46030,200
http_rhino_count,16,325.004,true,,20,46030,200
http_rhino_count,17,265.191,true,,20,46030,200
http_rhino_count,18,257.987,true,,20,46030,200
http_rhino_count,19,314.078,true,,20,46030,200
http_rhino_count,20,289.563,true,,20,46030,200
full_result,1,297.144,true,6814,20,46030,200
full_result,2,320.677,true,6814,20,46030,200
full_result,3,288.767,true,6814,20,46030,200
full_result,4,263.165,true,6814,20,46030,200
full_result,5,338.398,true,6814,20,46030,200
full_result,6,293.006,true,6814,20,46030,200
full_result,7,247.628,true,6814,20,46030,200
full_result,8,223.396,true,6814,20,46030,200
full_result,9,238.290,true,6814,20,46030,200
full_result,10,259.835,true,6814,20,46030,200
full_result,11,285.222,true,6814,20,46030,200
full_result,12,244.677,true,6814,20,46030,200
full_result,13,245.340,true,6814,20,46030,200
full_result,14,253.176,true,6814,20,46030,200
full_result,15,229.277,true,6814,20,46030,200
full_result,16,219.039,true,6814,20,46030,200
full_result,17,237.158,true,6814,20,46030,200
full_result,18,247.322,true,6814,20,46030,200
full_result,19,222.698,true,6814,20,46030,200
full_result,20,220.059,true,6814,20,46030,200
