variant,phase,ordinal,wall_ms,status,responseBytes,items,count
empty,warmup,1,197.845,0,0,0,0
empty,warmup,2,181.321,0,0,0,0
empty,warmup,3,203.285,0,0,0,0
empty,warmup,4,176.183,0,0,0,0
empty,warmup,5,187.018,0,0,0,0
empty,measured,1,192.051,0,0,0,0
empty,measured,2,174.441,0,0,0,0
empty,measured,3,179.838,0,0,0,0
empty,measured,4,176.686,0,0,0,0
empty,measured,5,212.074,0,0,0,0
empty,measured,6,186.526,0,0,0,0
empty,measured,7,182.355,0,0,0,0
empty,measured,8,175.383,0,0,0,0
empty,measured,9,203.135,0,0,0,0
empty,measured,10,182.326,0,0,0,0
empty,measured,11,195.892,0,0,0,0
empty,measured,12,176.608,0,0,0,0
empty,measured,13,185.92,0,0,0,0
empty,measured,14,178.752,0,0,0,0
empty,measured,15,203.3,0,0,0,0
empty,measured,16,189.3,0,0,0,0
empty,measured,17,180.69,0,0,0,0
empty,measured,18,177.23,0,0,0,0
empty,measured,19,200.049,0,0,0,0
empty,measured,20,226.477,0,0,0,0
http,warmup,1,220.47,200,46091,0,0
http,warmup,2,270.923,200,46091,0,0
http,warmup,3,234.42,200,46091,0,0
http,warmup,4,280.538,200,46091,0,0
http,warmup,5,235.291,200,46091,0,0
http,measured,1,223.112,200,46091,0,0
http,measured,2,234.74,200,46091,0,0
http,measured,3,274.859,200,46091,0,0
http,measured,4,256.774,200,46091,0,0
http,measured,5,267.391,200,46091,0,0
http,measured,6,328.923,200,46091,0,0
http,measured,7,302.407,200,46091,0,0
http,measured,8,239.37,200,46091,0,0
http,measured,9,235.535,200,46091,0,0
http,measured,10,220.28,200,46091,0,0
http,measured,11,227.647,200,46091,0,0
http,measured,12,253.169,200,46091,0,0
http,measured,13,250.007,200,46091,0,0
http,measured,14,245.069,200,46091,0,0
http,measured,15,226.245,200,46091,0,0
http,measured,16,229.866,200,46091,0,0
http,measured,17,233.032,200,46091,0,0
http,measured,18,228.635,200,46091,0,0
http,measured,19,220.937,200,46091,0,0
http,measured,20,200.547,200,46091,0,0
http_xml,warmup,1,418.699,200,46091,60,60
http_xml,warmup,2,241.374,200,46091,60,60
http_xml,warmup,3,260.057,200,46091,60,60
http_xml,warmup,4,261.757,200,46091,60,60
http_xml,warmup,5,282.475,200,46091,60,60
http_xml,measured,1,307.256,200,46091,60,60
http_xml,measured,2,286.538,200,46091,60,60
http_xml,measured,3,257.267,200,46091,60,60
http_xml,measured,4,241.76,200,46091,60,60
http_xml,measured,5,253.356,200,46091,60,60
http_xml,measured,6,243.575,200,46091,60,60
http_xml,measured,7,247.297,200,46091,60,60
http_xml,measured,8,242.776,200,46091,60,60
http_xml,measured,9,274.43,200,46091,60,60
http_xml,measured,10,240.499,200,46091,60,60
http_xml,measured,11,278.014,200,46091,60,60
http_xml,measured,12,251.823,200,46091,60,60
http_xml,measured,13,260.312,200,46091,60,60
http_xml,measured,14,233.299,200,46091,60,60
http_xml,measured,15,253.918,200,46091,60,60
http_xml,measured,16,292.617,200,46091,60,60
http_xml,measured,17,270.044,200,46091,60,60
http_xml,measured,18,250.465,200,46091,60,60
http_xml,measured,19,241.127,200,46091,60,60
http_xml,measured,20,239.86,200,46091,60,60
http_xml_sort,warmup,1,262.939,200,46091,60,60
http_xml_sort,warmup,2,271.877,200,46091,60,60
http_xml_sort,warmup,3,257.029,200,46091,60,60
http_xml_sort,warmup,4,264.828,200,46091,60,60
http_xml_sort,warmup,5,261.164,200,46091,60,60
http_xml_sort,measured,1,267.425,200,46091,60,60
http_xml_sort,measured,2,261.389,200,46091,60,60
http_xml_sort,measured,3,272.045,200,46091,60,60
http_xml_sort,measured,4,265.118,200,46091,60,60
http_xml_sort,measured,5,255.259,200,46091,60,60
http_xml_sort,measured,6,260.694,200,46091,60,60
http_xml_sort,measured,7,283.12,200,46091,60,60
http_xml_sort,measured,8,261.914,200,46091,60,60
http_xml_sort,measured,9,260.542,200,46091,60,60
http_xml_sort,measured,10,266.565,200,46091,60,60
http_xml_sort,measured,11,271.183,200,46091,60,60
http_xml_sort,measured,12,259.146,200,46091,60,60
http_xml_sort,measured,13,264.151,200,46091,60,60
http_xml_sort,measured,14,266.567,200,46091,60,60
http_xml_sort,measured,15,261.728,200,46091,60,60
http_xml_sort,measured,16,274.596,200,46091,60,60
http_xml_sort,measured,17,294.76,200,46091,60,60
http_xml_sort,measured,18,318.122,200,46091,60,60
http_xml_sort,measured,19,282.58,200,46091,60,60
http_xml_sort,measured,20,317.334,200,46091,60,60
http_xml_sort_map,warmup,1,480.528,200,46091,60,60
http_xml_sort_map,warmup,2,450.484,200,46091,60,60
http_xml_sort_map,warmup,3,463.947,200,46091,60,60
http_xml_sort_map,warmup,4,436.085,200,46091,60,60
http_xml_sort_map,warmup,5,431.52,200,46091,60,60
http_xml_sort_map,measured,1,434.73,200,46091,60,60
http_xml_sort_map,measured,2,444.059,200,46091,60,60
http_xml_sort_map,measured,3,462.264,200,46091,60,60
http_xml_sort_map,measured,4,446.869,200,46091,60,60
http_xml_sort_map,measured,5,490.724,200,46091,60,60
http_xml_sort_map,measured,6,431.964,200,46091,60,60
http_xml_sort_map,measured,7,476.01,200,46091,60,60
http_xml_sort_map,measured,8,456.656,200,46091,60,60
http_xml_sort_map,measured,9,489.038,200,46091,60,60
http_xml_sort_map,measured,10,452.927,200,46091,60,60
http_xml_sort_map,measured,11,446.025,200,46091,60,60
http_xml_sort_map,measured,12,451.978,200,46091,60,60
http_xml_sort_map,measured,13,549.926,200,46091,60,60
http_xml_sort_map,measured,14,500.84,200,46091,60,60
http_xml_sort_map,measured,15,476.588,200,46091,60,60
http_xml_sort_map,measured,16,464.539,200,46091,60,60
http_xml_sort_map,measured,17,445.891,200,46091,60,60
http_xml_sort_map,measured,18,449.76,200,46091,60,60
http_xml_sort_map,measured,19,433.584,200,46091,60,60
http_xml_sort_map,measured,20,474.817,200,46091,60,60
full_result,warmup,1,463.216,200,46091,60,60
full_result,warmup,2,488.61,200,46091,60,60
full_result,warmup,3,454.163,200,46091,60,60
full_result,warmup,4,451.982,200,46091,60,60
full_result,warmup,5,1024.933,200,46091,60,60
full_result,measured,1,497.829,200,46091,60,60
full_result,measured,2,480.59,200,46091,60,60
full_result,measured,3,485.19,200,46091,60,60
full_result,measured,4,483.969,200,46091,60,60
full_result,measured,5,467.173,200,46091,60,60
full_result,measured,6,451.315,200,46091,60,60
full_result,measured,7,461.57,200,46091,60,60
full_result,measured,8,475.443,200,46091,60,60
full_result,measured,9,469.026,200,46091,60,60
full_result,measured,10,484.46,200,46091,60,60
full_result,measured,11,463.609,200,46091,60,60
full_result,measured,12,485.536,200,46091,60,60
full_result,measured,13,466.765,200,46091,60,60
full_result,measured,14,447.457,200,46091,60,60
full_result,measured,15,460.02,200,46091,60,60
full_result,measured,16,510.238,200,46091,60,60
full_result,measured,17,463.866,200,46091,60,60
full_result,measured,18,445.804,200,46091,60,60
full_result,measured,19,475.525,200,46091,60,60
full_result,measured,20,505.093,200,46091,60,60
