kind,project,sequence,transaction,metric,ms
legacy_transaction,sample_HelloWorld,,GetFeed,WorkerThreadStart,0
legacy_transaction,sample_HelloWorld,,GetFeed,ApplyUserRequest,226
legacy_transaction,sample_HelloWorld,,GetFeed,GetDocument,245
legacy_transaction,sample_HelloWorld,,GetFeed,Host,226
legacy_transaction,sample_HelloWorld,,GetFeed,Convertigo,38
legacy_transaction,sample_HelloWorld,,GetFeed,Total,264
legacy_sequence,sample_HelloWorld,GetFeed,,WorkerThreadStart,0
legacy_sequence,sample_HelloWorld,GetFeed,,ExecuteSequenceSteps,290
legacy_sequence,sample_HelloWorld,GetFeed,,GetDocument,279
legacy_sequence,sample_HelloWorld,GetFeed,,Host,0
legacy_sequence,sample_HelloWorld,GetFeed,,Convertigo,282
legacy_sequence,sample_HelloWorld,GetFeed,,Total,282
legacy_transaction,sample_HelloWorld,,GetFeed,WorkerThreadStart,0
legacy_transaction,sample_HelloWorld,,GetFeed,ApplyUserRequest,217
legacy_transaction,sample_HelloWorld,,GetFeed,GetDocument,222
legacy_transaction,sample_HelloWorld,,GetFeed,Host,217
legacy_transaction,sample_HelloWorld,,GetFeed,Convertigo,11
legacy_transaction,sample_HelloWorld,,GetFeed,Total,228
legacy_sequence,sample_HelloWorld,GetFeed,,WorkerThreadStart,1
legacy_sequence,sample_HelloWorld,GetFeed,,ExecuteSequenceSteps,246
legacy_sequence,sample_HelloWorld,GetFeed,,GetDocument,238
legacy_sequence,sample_HelloWorld,GetFeed,,Host,0
legacy_sequence,sample_HelloWorld,GetFeed,,Convertigo,241
legacy_sequence,sample_HelloWorld,GetFeed,,Total,241
legacy_transaction,sample_HelloWorld,,GetFeed,WorkerThreadStart,0
legacy_transaction,sample_HelloWorld,,GetFeed,ApplyUserRequest,208
legacy_transaction,sample_HelloWorld,,GetFeed,GetDocument,212
legacy_transaction,sample_HelloWorld,,GetFeed,Host,208
legacy_transaction,sample_HelloWorld,,GetFeed,Convertigo,9
legacy_transaction,sample_HelloWorld,,GetFeed,Total,217
legacy_sequence,sample_HelloWorld,GetFeed,,WorkerThreadStart,0
legacy_sequence,sample_HelloWorld,GetFeed,,ExecuteSequenceSteps,227
legacy_sequence,sample_HelloWorld,GetFeed,,GetDocument,223
legacy_sequence,sample_HelloWorld,GetFeed,,Host,0
legacy_sequence,sample_HelloWorld,GetFeed,,Convertigo,224
legacy_sequence,sample_HelloWorld,GetFeed,,Total,224
legacy_transaction,sample_HelloWorld,,GetFeed,WorkerThreadStart,0
legacy_transaction,sample_HelloWorld,,GetFeed,ApplyUserRequest,218
legacy_transaction,sample_HelloWorld,,GetFeed,GetDocument,224
legacy_transaction,sample_HelloWorld,,GetFeed,Host,218
legacy_transaction,sample_HelloWorld,,GetFeed,Convertigo,10
legacy_transaction,sample_HelloWorld,,GetFeed,Total,228
legacy_sequence,sample_HelloWorld,GetFeed,,WorkerThreadStart,1
legacy_sequence,sample_HelloWorld,GetFeed,,ExecuteSequenceSteps,237
legacy_sequence,sample_HelloWorld,GetFeed,,GetDocument,235
legacy_sequence,sample_HelloWorld,GetFeed,,Host,0
legacy_sequence,sample_HelloWorld,GetFeed,,Convertigo,238
legacy_sequence,sample_HelloWorld,GetFeed,,Total,238
legacy_transaction,sample_HelloWorld,,GetFeed,WorkerThreadStart,1
legacy_transaction,sample_HelloWorld,,GetFeed,ApplyUserRequest,211
legacy_transaction,sample_HelloWorld,,GetFeed,GetDocument,216
legacy_transaction,sample_HelloWorld,,GetFeed,Host,211
legacy_transaction,sample_HelloWorld,,GetFeed,Convertigo,10
legacy_transaction,sample_HelloWorld,,GetFeed,Total,221
legacy_sequence,sample_HelloWorld,GetFeed,,WorkerThreadStart,1
legacy_sequence,sample_HelloWorld,GetFeed,,ExecuteSequenceSteps,229
legacy_sequence,sample_HelloWorld,GetFeed,,GetDocument,228
legacy_sequence,sample_HelloWorld,GetFeed,,Host,0
legacy_sequence,sample_HelloWorld,GetFeed,,Convertigo,231
legacy_sequence,sample_HelloWorld,GetFeed,,Total,231
legacy_transaction,sample_HelloWorld,,GetFeed,WorkerThreadStart,1
legacy_transaction,sample_HelloWorld,,GetFeed,ApplyUserRequest,212
legacy_transaction,sample_HelloWorld,,GetFeed,GetDocument,217
legacy_transaction,sample_HelloWorld,,GetFeed,Host,212
legacy_transaction,sample_HelloWorld,,GetFeed,Convertigo,9
legacy_transaction,sample_HelloWorld,,GetFeed,Total,221
legacy_sequence,sample_HelloWorld,GetFeed,,WorkerThreadStart,0
legacy_sequence,sample_HelloWorld,GetFeed,,ExecuteSequenceSteps,231
legacy_sequence,sample_HelloWorld,GetFeed,,GetDocument,228
legacy_sequence,sample_HelloWorld,GetFeed,,Host,0
legacy_sequence,sample_HelloWorld,GetFeed,,Convertigo,229
legacy_sequence,sample_HelloWorld,GetFeed,,Total,229
legacy_transaction,sample_HelloWorld,,GetFeed,WorkerThreadStart,1
legacy_transaction,sample_HelloWorld,,GetFeed,ApplyUserRequest,205
legacy_transaction,sample_HelloWorld,,GetFeed,GetDocument,211
legacy_transaction,sample_HelloWorld,,GetFeed,Host,205
legacy_transaction,sample_HelloWorld,,GetFeed,Convertigo,10
legacy_transaction,sample_HelloWorld,,GetFeed,Total,215
legacy_sequence,sample_HelloWorld,GetFeed,,WorkerThreadStart,0
legacy_sequence,sample_HelloWorld,GetFeed,,ExecuteSequenceSteps,223
legacy_sequence,sample_HelloWorld,GetFeed,,GetDocument,222
legacy_sequence,sample_HelloWorld,GetFeed,,Host,0
legacy_sequence,sample_HelloWorld,GetFeed,,Convertigo,223
legacy_sequence,sample_HelloWorld,GetFeed,,Total,223
legacy_transaction,sample_HelloWorld,,GetFeed,WorkerThreadStart,0
legacy_transaction,sample_HelloWorld,,GetFeed,ApplyUserRequest,218
legacy_transaction,sample_HelloWorld,,GetFeed,GetDocument,222
legacy_transaction,sample_HelloWorld,,GetFeed,Host,218
legacy_transaction,sample_HelloWorld,,GetFeed,Convertigo,8
legacy_transaction,sample_HelloWorld,,GetFeed,Total,226
legacy_sequence,sample_HelloWorld,GetFeed,,WorkerThreadStart,0
legacy_sequence,sample_HelloWorld,GetFeed,,ExecuteSequenceSteps,231
legacy_sequence,sample_HelloWorld,GetFeed,,GetDocument,232
legacy_sequence,sample_HelloWorld,GetFeed,,Host,0
legacy_sequence,sample_HelloWorld,GetFeed,,Convertigo,233
legacy_sequence,sample_HelloWorld,GetFeed,,Total,233
legacy_transaction,sample_HelloWorld,,GetFeed,WorkerThreadStart,0
legacy_transaction,sample_HelloWorld,,GetFeed,ApplyUserRequest,219
legacy_transaction,sample_HelloWorld,,GetFeed,GetDocument,229
legacy_transaction,sample_HelloWorld,,GetFeed,Host,219
legacy_transaction,sample_HelloWorld,,GetFeed,Convertigo,22
legacy_transaction,sample_HelloWorld,,GetFeed,Total,241
legacy_sequence,sample_HelloWorld,GetFeed,,WorkerThreadStart,0
legacy_sequence,sample_HelloWorld,GetFeed,,ExecuteSequenceSteps,257
legacy_sequence,sample_HelloWorld,GetFeed,,GetDocument,252
legacy_sequence,sample_HelloWorld,GetFeed,,Host,0
legacy_sequence,sample_HelloWorld,GetFeed,,Convertigo,254
legacy_sequence,sample_HelloWorld,GetFeed,,Total,254
legacy_transaction,sample_HelloWorld,,GetFeed,WorkerThreadStart,0
legacy_transaction,sample_HelloWorld,,GetFeed,ApplyUserRequest,219
legacy_transaction,sample_HelloWorld,,GetFeed,GetDocument,228
legacy_transaction,sample_HelloWorld,,GetFeed,Host,219
legacy_transaction,sample_HelloWorld,,GetFeed,Convertigo,19
legacy_transaction,sample_HelloWorld,,GetFeed,Total,238
legacy_sequence,sample_HelloWorld,GetFeed,,WorkerThreadStart,0
legacy_sequence,sample_HelloWorld,GetFeed,,ExecuteSequenceSteps,258
legacy_sequence,sample_HelloWorld,GetFeed,,GetDocument,250
legacy_sequence,sample_HelloWorld,GetFeed,,Host,0
legacy_sequence,sample_HelloWorld,GetFeed,,Convertigo,252
legacy_sequence,sample_HelloWorld,GetFeed,,Total,252
legacy_transaction,sample_HelloWorld,,GetFeed,WorkerThreadStart,0
legacy_transaction,sample_HelloWorld,,GetFeed,ApplyUserRequest,215
legacy_transaction,sample_HelloWorld,,GetFeed,GetDocument,223
legacy_transaction,sample_HelloWorld,,GetFeed,Host,215
legacy_transaction,sample_HelloWorld,,GetFeed,Convertigo,17
legacy_transaction,sample_HelloWorld,,GetFeed,Total,232
legacy_sequence,sample_HelloWorld,GetFeed,,WorkerThreadStart,0
legacy_sequence,sample_HelloWorld,GetFeed,,ExecuteSequenceSteps,250
legacy_sequence,sample_HelloWorld,GetFeed,,GetDocument,249
legacy_sequence,sample_HelloWorld,GetFeed,,Host,0
legacy_sequence,sample_HelloWorld,GetFeed,,Convertigo,251
legacy_sequence,sample_HelloWorld,GetFeed,,Total,251
legacy_transaction,sample_HelloWorld,,GetFeed,WorkerThreadStart,0
legacy_transaction,sample_HelloWorld,,GetFeed,ApplyUserRequest,674
legacy_transaction,sample_HelloWorld,,GetFeed,GetDocument,685
legacy_transaction,sample_HelloWorld,,GetFeed,Host,674
legacy_transaction,sample_HelloWorld,,GetFeed,Convertigo,23
legacy_transaction,sample_HelloWorld,,GetFeed,Total,697
legacy_sequence,sample_HelloWorld,GetFeed,,WorkerThreadStart,0
legacy_sequence,sample_HelloWorld,GetFeed,,ExecuteSequenceSteps,719
legacy_sequence,sample_HelloWorld,GetFeed,,GetDocument,710
legacy_sequence,sample_HelloWorld,GetFeed,,Host,0
legacy_sequence,sample_HelloWorld,GetFeed,,Convertigo,712
legacy_sequence,sample_HelloWorld,GetFeed,,Total,712
legacy_transaction,sample_HelloWorld,,GetFeed,WorkerThreadStart,0
legacy_transaction,sample_HelloWorld,,GetFeed,ApplyUserRequest,213
legacy_transaction,sample_HelloWorld,,GetFeed,GetDocument,222
legacy_transaction,sample_HelloWorld,,GetFeed,Host,213
legacy_transaction,sample_HelloWorld,,GetFeed,Convertigo,21
legacy_transaction,sample_HelloWorld,,GetFeed,Total,234
legacy_sequence,sample_HelloWorld,GetFeed,,WorkerThreadStart,0
legacy_sequence,sample_HelloWorld,GetFeed,,ExecuteSequenceSteps,252
legacy_sequence,sample_HelloWorld,GetFeed,,GetDocument,246
legacy_sequence,sample_HelloWorld,GetFeed,,Host,0
legacy_sequence,sample_HelloWorld,GetFeed,,Convertigo,249
legacy_sequence,sample_HelloWorld,GetFeed,,Total,249
legacy_transaction,sample_HelloWorld,,GetFeed,WorkerThreadStart,0
legacy_transaction,sample_HelloWorld,,GetFeed,ApplyUserRequest,231
legacy_transaction,sample_HelloWorld,,GetFeed,GetDocument,239
legacy_transaction,sample_HelloWorld,,GetFeed,Host,231
legacy_transaction,sample_HelloWorld,,GetFeed,Convertigo,19
legacy_transaction,sample_HelloWorld,,GetFeed,Total,250
legacy_sequence,sample_HelloWorld,GetFeed,,WorkerThreadStart,0
legacy_sequence,sample_HelloWorld,GetFeed,,ExecuteSequenceSteps,273
legacy_sequence,sample_HelloWorld,GetFeed,,GetDocument,264
legacy_sequence,sample_HelloWorld,GetFeed,,Host,0
legacy_sequence,sample_HelloWorld,GetFeed,,Convertigo,268
legacy_sequence,sample_HelloWorld,GetFeed,,Total,268
legacy_transaction,sample_HelloWorld,,GetFeed,WorkerThreadStart,0
legacy_transaction,sample_HelloWorld,,GetFeed,ApplyUserRequest,209
legacy_transaction,sample_HelloWorld,,GetFeed,GetDocument,219
legacy_transaction,sample_HelloWorld,,GetFeed,Host,209
legacy_transaction,sample_HelloWorld,,GetFeed,Convertigo,22
legacy_transaction,sample_HelloWorld,,GetFeed,Total,231
legacy_sequence,sample_HelloWorld,GetFeed,,WorkerThreadStart,1
legacy_sequence,sample_HelloWorld,GetFeed,,ExecuteSequenceSteps,255
legacy_sequence,sample_HelloWorld,GetFeed,,GetDocument,246
legacy_sequence,sample_HelloWorld,GetFeed,,Host,0
legacy_sequence,sample_HelloWorld,GetFeed,,Convertigo,249
legacy_sequence,sample_HelloWorld,GetFeed,,Total,249
legacy_transaction,sample_HelloWorld,,GetFeed,WorkerThreadStart,0
legacy_transaction,sample_HelloWorld,,GetFeed,ApplyUserRequest,230
legacy_transaction,sample_HelloWorld,,GetFeed,GetDocument,240
legacy_transaction,sample_HelloWorld,,GetFeed,Host,230
legacy_transaction,sample_HelloWorld,,GetFeed,Convertigo,25
legacy_transaction,sample_HelloWorld,,GetFeed,Total,255
legacy_sequence,sample_HelloWorld,GetFeed,,WorkerThreadStart,0
legacy_sequence,sample_HelloWorld,GetFeed,,ExecuteSequenceSteps,278
legacy_sequence,sample_HelloWorld,GetFeed,,GetDocument,269
legacy_sequence,sample_HelloWorld,GetFeed,,Host,0
legacy_sequence,sample_HelloWorld,GetFeed,,Convertigo,272
legacy_sequence,sample_HelloWorld,GetFeed,,Total,272
legacy_transaction,sample_HelloWorld,,GetFeed,WorkerThreadStart,0
legacy_transaction,sample_HelloWorld,,GetFeed,ApplyUserRequest,214
legacy_transaction,sample_HelloWorld,,GetFeed,GetDocument,221
legacy_transaction,sample_HelloWorld,,GetFeed,Host,214
legacy_transaction,sample_HelloWorld,,GetFeed,Convertigo,17
legacy_transaction,sample_HelloWorld,,GetFeed,Total,231
legacy_sequence,sample_HelloWorld,GetFeed,,WorkerThreadStart,0
legacy_sequence,sample_HelloWorld,GetFeed,,ExecuteSequenceSteps,249
legacy_sequence,sample_HelloWorld,GetFeed,,GetDocument,244
legacy_sequence,sample_HelloWorld,GetFeed,,Host,0
legacy_sequence,sample_HelloWorld,GetFeed,,Convertigo,247
legacy_sequence,sample_HelloWorld,GetFeed,,Total,247
legacy_transaction,sample_HelloWorld,,GetFeed,WorkerThreadStart,0
legacy_transaction,sample_HelloWorld,,GetFeed,ApplyUserRequest,233
legacy_transaction,sample_HelloWorld,,GetFeed,GetDocument,247
legacy_transaction,sample_HelloWorld,,GetFeed,Host,233
legacy_transaction,sample_HelloWorld,,GetFeed,Convertigo,27
legacy_transaction,sample_HelloWorld,,GetFeed,Total,260
legacy_sequence,sample_HelloWorld,GetFeed,,WorkerThreadStart,1
legacy_sequence,sample_HelloWorld,GetFeed,,ExecuteSequenceSteps,281
legacy_sequence,sample_HelloWorld,GetFeed,,GetDocument,274
legacy_sequence,sample_HelloWorld,GetFeed,,Host,0
legacy_sequence,sample_HelloWorld,GetFeed,,Convertigo,276
legacy_sequence,sample_HelloWorld,GetFeed,,Total,276
legacy_transaction,sample_HelloWorld,,GetFeed,WorkerThreadStart,0
legacy_transaction,sample_HelloWorld,,GetFeed,ApplyUserRequest,210
legacy_transaction,sample_HelloWorld,,GetFeed,GetDocument,219
legacy_transaction,sample_HelloWorld,,GetFeed,Host,210
legacy_transaction,sample_HelloWorld,,GetFeed,Convertigo,17
legacy_transaction,sample_HelloWorld,,GetFeed,Total,227
legacy_sequence,sample_HelloWorld,GetFeed,,WorkerThreadStart,1
legacy_sequence,sample_HelloWorld,GetFeed,,ExecuteSequenceSteps,247
legacy_sequence,sample_HelloWorld,GetFeed,,GetDocument,239
legacy_sequence,sample_HelloWorld,GetFeed,,Host,0
legacy_sequence,sample_HelloWorld,GetFeed,,Convertigo,241
legacy_sequence,sample_HelloWorld,GetFeed,,Total,241
legacy_transaction,sample_HelloWorld,,GetFeed,WorkerThreadStart,0
legacy_transaction,sample_HelloWorld,,GetFeed,ApplyUserRequest,219
legacy_transaction,sample_HelloWorld,,GetFeed,GetDocument,228
legacy_transaction,sample_HelloWorld,,GetFeed,Host,219
legacy_transaction,sample_HelloWorld,,GetFeed,Convertigo,20
legacy_transaction,sample_HelloWorld,,GetFeed,Total,239
legacy_sequence,sample_HelloWorld,GetFeed,,WorkerThreadStart,0
legacy_sequence,sample_HelloWorld,GetFeed,,ExecuteSequenceSteps,258
legacy_sequence,sample_HelloWorld,GetFeed,,GetDocument,252
legacy_sequence,sample_HelloWorld,GetFeed,,Host,0
legacy_sequence,sample_HelloWorld,GetFeed,,Convertigo,254
legacy_sequence,sample_HelloWorld,GetFeed,,Total,254
legacy_transaction,sample_HelloWorld,,GetFeed,WorkerThreadStart,0
legacy_transaction,sample_HelloWorld,,GetFeed,ApplyUserRequest,227
legacy_transaction,sample_HelloWorld,,GetFeed,GetDocument,233
legacy_transaction,sample_HelloWorld,,GetFeed,Host,227
legacy_transaction,sample_HelloWorld,,GetFeed,Convertigo,13
legacy_transaction,sample_HelloWorld,,GetFeed,Total,240
legacy_sequence,sample_HelloWorld,GetFeed,,WorkerThreadStart,1
legacy_sequence,sample_HelloWorld,GetFeed,,ExecuteSequenceSteps,250
legacy_sequence,sample_HelloWorld,GetFeed,,GetDocument,247
legacy_sequence,sample_HelloWorld,GetFeed,,Host,0
legacy_sequence,sample_HelloWorld,GetFeed,,Convertigo,249
legacy_sequence,sample_HelloWorld,GetFeed,,Total,249
legacy_transaction,sample_HelloWorld,,GetFeed,WorkerThreadStart,0
legacy_transaction,sample_HelloWorld,,GetFeed,ApplyUserRequest,222
legacy_transaction,sample_HelloWorld,,GetFeed,GetDocument,233
legacy_transaction,sample_HelloWorld,,GetFeed,Host,222
legacy_transaction,sample_HelloWorld,,GetFeed,Convertigo,20
legacy_transaction,sample_HelloWorld,,GetFeed,Total,242
legacy_sequence,sample_HelloWorld,GetFeed,,WorkerThreadStart,1
legacy_sequence,sample_HelloWorld,GetFeed,,ExecuteSequenceSteps,253
legacy_sequence,sample_HelloWorld,GetFeed,,GetDocument,250
legacy_sequence,sample_HelloWorld,GetFeed,,Host,0
legacy_sequence,sample_HelloWorld,GetFeed,,Convertigo,252
legacy_sequence,sample_HelloWorld,GetFeed,,Total,252
legacy_transaction,sample_HelloWorld,,GetFeed,WorkerThreadStart,0
legacy_transaction,sample_HelloWorld,,GetFeed,ApplyUserRequest,211
legacy_transaction,sample_HelloWorld,,GetFeed,GetDocument,216
legacy_transaction,sample_HelloWorld,,GetFeed,Host,211
legacy_transaction,sample_HelloWorld,,GetFeed,Convertigo,9
legacy_transaction,sample_HelloWorld,,GetFeed,Total,220
legacy_sequence,sample_HelloWorld,GetFeed,,WorkerThreadStart,0
legacy_sequence,sample_HelloWorld,GetFeed,,ExecuteSequenceSteps,226
legacy_sequence,sample_HelloWorld,GetFeed,,GetDocument,224
legacy_sequence,sample_HelloWorld,GetFeed,,Host,0
legacy_sequence,sample_HelloWorld,GetFeed,,Convertigo,225
legacy_sequence,sample_HelloWorld,GetFeed,,Total,225
legacy_transaction,sample_HelloWorld,,GetFeed,WorkerThreadStart,0
legacy_transaction,sample_HelloWorld,,GetFeed,ApplyUserRequest,210
legacy_transaction,sample_HelloWorld,,GetFeed,GetDocument,216
legacy_transaction,sample_HelloWorld,,GetFeed,Host,210
legacy_transaction,sample_HelloWorld,,GetFeed,Convertigo,15
legacy_transaction,sample_HelloWorld,,GetFeed,Total,225
legacy_sequence,sample_HelloWorld,GetFeed,,WorkerThreadStart,1
legacy_sequence,sample_HelloWorld,GetFeed,,ExecuteSequenceSteps,233
legacy_sequence,sample_HelloWorld,GetFeed,,GetDocument,232
legacy_sequence,sample_HelloWorld,GetFeed,,Host,0
legacy_sequence,sample_HelloWorld,GetFeed,,Convertigo,234
legacy_sequence,sample_HelloWorld,GetFeed,,Total,234
legacy_transaction,sample_HelloWorld,,GetFeed,WorkerThreadStart,0
legacy_transaction,sample_HelloWorld,,GetFeed,ApplyUserRequest,231
legacy_transaction,sample_HelloWorld,,GetFeed,GetDocument,240
legacy_transaction,sample_HelloWorld,,GetFeed,Host,231
legacy_transaction,sample_HelloWorld,,GetFeed,Convertigo,17
legacy_transaction,sample_HelloWorld,,GetFeed,Total,248
legacy_sequence,sample_HelloWorld,GetFeed,,WorkerThreadStart,0
legacy_sequence,sample_HelloWorld,GetFeed,,ExecuteSequenceSteps,252
legacy_sequence,sample_HelloWorld,GetFeed,,GetDocument,253
legacy_sequence,sample_HelloWorld,GetFeed,,Host,0
legacy_sequence,sample_HelloWorld,GetFeed,,Convertigo,256
legacy_sequence,sample_HelloWorld,GetFeed,,Total,256
legacy_transaction,sample_HelloWorld,,GetFeed,WorkerThreadStart,0
legacy_transaction,sample_HelloWorld,,GetFeed,ApplyUserRequest,215
legacy_transaction,sample_HelloWorld,,GetFeed,GetDocument,225
legacy_transaction,sample_HelloWorld,,GetFeed,Host,215
legacy_transaction,sample_HelloWorld,,GetFeed,Convertigo,25
legacy_transaction,sample_HelloWorld,,GetFeed,Total,240
legacy_sequence,sample_HelloWorld,GetFeed,,WorkerThreadStart,1
legacy_sequence,sample_HelloWorld,GetFeed,,ExecuteSequenceSteps,252
legacy_sequence,sample_HelloWorld,GetFeed,,GetDocument,249
legacy_sequence,sample_HelloWorld,GetFeed,,Host,0
legacy_sequence,sample_HelloWorld,GetFeed,,Convertigo,251
legacy_sequence,sample_HelloWorld,GetFeed,,Total,251
legacy_transaction,sample_HelloWorld,,GetFeed,WorkerThreadStart,0
legacy_transaction,sample_HelloWorld,,GetFeed,ApplyUserRequest,218
legacy_transaction,sample_HelloWorld,,GetFeed,GetDocument,231
legacy_transaction,sample_HelloWorld,,GetFeed,Host,218
legacy_transaction,sample_HelloWorld,,GetFeed,Convertigo,28
legacy_transaction,sample_HelloWorld,,GetFeed,Total,246
legacy_sequence,sample_HelloWorld,GetFeed,,WorkerThreadStart,0
legacy_sequence,sample_HelloWorld,GetFeed,,ExecuteSequenceSteps,257
legacy_sequence,sample_HelloWorld,GetFeed,,GetDocument,254
legacy_sequence,sample_HelloWorld,GetFeed,,Host,0
legacy_sequence,sample_HelloWorld,GetFeed,,Convertigo,258
legacy_sequence,sample_HelloWorld,GetFeed,,Total,258
legacy_transaction,sample_HelloWorld,,GetFeed,WorkerThreadStart,0
legacy_transaction,sample_HelloWorld,,GetFeed,ApplyUserRequest,212
legacy_transaction,sample_HelloWorld,,GetFeed,GetDocument,224
legacy_transaction,sample_HelloWorld,,GetFeed,Host,212
legacy_transaction,sample_HelloWorld,,GetFeed,Convertigo,26
legacy_transaction,sample_HelloWorld,,GetFeed,Total,238
legacy_sequence,sample_HelloWorld,GetFeed,,WorkerThreadStart,1
legacy_sequence,sample_HelloWorld,GetFeed,,ExecuteSequenceSteps,254
legacy_sequence,sample_HelloWorld,GetFeed,,GetDocument,249
legacy_sequence,sample_HelloWorld,GetFeed,,Host,0
legacy_sequence,sample_HelloWorld,GetFeed,,Convertigo,252
legacy_sequence,sample_HelloWorld,GetFeed,,Total,252
legacy_transaction,sample_HelloWorld,,GetFeed,WorkerThreadStart,0
legacy_transaction,sample_HelloWorld,,GetFeed,ApplyUserRequest,223
legacy_transaction,sample_HelloWorld,,GetFeed,GetDocument,243
legacy_transaction,sample_HelloWorld,,GetFeed,Host,223
legacy_transaction,sample_HelloWorld,,GetFeed,Convertigo,30
legacy_transaction,sample_HelloWorld,,GetFeed,Total,253
legacy_sequence,sample_HelloWorld,GetFeed,,WorkerThreadStart,0
legacy_sequence,sample_HelloWorld,GetFeed,,ExecuteSequenceSteps,259
legacy_sequence,sample_HelloWorld,GetFeed,,GetDocument,262
legacy_sequence,sample_HelloWorld,GetFeed,,Host,0
legacy_sequence,sample_HelloWorld,GetFeed,,Convertigo,264
legacy_sequence,sample_HelloWorld,GetFeed,,Total,264
legacy_transaction,sample_HelloWorld,,GetFeed,WorkerThreadStart,0
legacy_transaction,sample_HelloWorld,,GetFeed,ApplyUserRequest,222
legacy_transaction,sample_HelloWorld,,GetFeed,GetDocument,244
legacy_transaction,sample_HelloWorld,,GetFeed,Host,222
legacy_transaction,sample_HelloWorld,,GetFeed,Convertigo,49
legacy_transaction,sample_HelloWorld,,GetFeed,Total,271
legacy_sequence,sample_HelloWorld,GetFeed,,WorkerThreadStart,1
legacy_sequence,sample_HelloWorld,GetFeed,,ExecuteSequenceSteps,287
legacy_sequence,sample_HelloWorld,GetFeed,,GetDocument,283
legacy_sequence,sample_HelloWorld,GetFeed,,Host,0
legacy_sequence,sample_HelloWorld,GetFeed,,Convertigo,285
legacy_sequence,sample_HelloWorld,GetFeed,,Total,285
legacy_transaction,sample_HelloWorld,,GetFeed,WorkerThreadStart,0
legacy_transaction,sample_HelloWorld,,GetFeed,ApplyUserRequest,212
legacy_transaction,sample_HelloWorld,,GetFeed,GetDocument,221
legacy_transaction,sample_HelloWorld,,GetFeed,Host,212
legacy_transaction,sample_HelloWorld,,GetFeed,Convertigo,22
legacy_transaction,sample_HelloWorld,,GetFeed,Total,234
legacy_sequence,sample_HelloWorld,GetFeed,,WorkerThreadStart,0
legacy_sequence,sample_HelloWorld,GetFeed,,ExecuteSequenceSteps,248
legacy_sequence,sample_HelloWorld,GetFeed,,GetDocument,244
legacy_sequence,sample_HelloWorld,GetFeed,,Host,0
legacy_sequence,sample_HelloWorld,GetFeed,,Convertigo,246
legacy_sequence,sample_HelloWorld,GetFeed,,Total,246
legacy_transaction,sample_HelloWorld,,GetFeed,WorkerThreadStart,0
legacy_transaction,sample_HelloWorld,,GetFeed,ApplyUserRequest,207
legacy_transaction,sample_HelloWorld,,GetFeed,GetDocument,214
legacy_transaction,sample_HelloWorld,,GetFeed,Host,207
legacy_transaction,sample_HelloWorld,,GetFeed,Convertigo,21
legacy_transaction,sample_HelloWorld,,GetFeed,Total,228
legacy_sequence,sample_HelloWorld,GetFeed,,WorkerThreadStart,0
legacy_sequence,sample_HelloWorld,GetFeed,,ExecuteSequenceSteps,238
legacy_sequence,sample_HelloWorld,GetFeed,,GetDocument,237
legacy_sequence,sample_HelloWorld,GetFeed,,Host,0
legacy_sequence,sample_HelloWorld,GetFeed,,Convertigo,239
legacy_sequence,sample_HelloWorld,GetFeed,,Total,239
legacy_transaction,sample_HelloWorld,,GetFeed,WorkerThreadStart,0
legacy_transaction,sample_HelloWorld,,GetFeed,ApplyUserRequest,211
legacy_transaction,sample_HelloWorld,,GetFeed,GetDocument,232
legacy_transaction,sample_HelloWorld,,GetFeed,Host,211
legacy_transaction,sample_HelloWorld,,GetFeed,Convertigo,43
legacy_transaction,sample_HelloWorld,,GetFeed,Total,254
legacy_sequence,sample_HelloWorld,GetFeed,,WorkerThreadStart,1
legacy_sequence,sample_HelloWorld,GetFeed,,ExecuteSequenceSteps,256
legacy_sequence,sample_HelloWorld,GetFeed,,GetDocument,260
legacy_sequence,sample_HelloWorld,GetFeed,,Host,0
legacy_sequence,sample_HelloWorld,GetFeed,,Convertigo,262
legacy_sequence,sample_HelloWorld,GetFeed,,Total,262
legacy_transaction,sample_HelloWorld,,GetFeed,WorkerThreadStart,1
legacy_transaction,sample_HelloWorld,,GetFeed,ApplyUserRequest,232
legacy_transaction,sample_HelloWorld,,GetFeed,GetDocument,243
legacy_transaction,sample_HelloWorld,,GetFeed,Host,232
legacy_transaction,sample_HelloWorld,,GetFeed,Convertigo,25
legacy_transaction,sample_HelloWorld,,GetFeed,Total,257
legacy_sequence,sample_HelloWorld,GetFeed,,WorkerThreadStart,0
legacy_sequence,sample_HelloWorld,GetFeed,,ExecuteSequenceSteps,268
legacy_sequence,sample_HelloWorld,GetFeed,,GetDocument,267
legacy_sequence,sample_HelloWorld,GetFeed,,Host,0
legacy_sequence,sample_HelloWorld,GetFeed,,Convertigo,270
legacy_sequence,sample_HelloWorld,GetFeed,,Total,270
legacy_transaction,sample_HelloWorld,,GetFeed,WorkerThreadStart,0
legacy_transaction,sample_HelloWorld,,GetFeed,ApplyUserRequest,218
legacy_transaction,sample_HelloWorld,,GetFeed,GetDocument,227
legacy_transaction,sample_HelloWorld,,GetFeed,Host,218
legacy_transaction,sample_HelloWorld,,GetFeed,Convertigo,21
legacy_transaction,sample_HelloWorld,,GetFeed,Total,239
legacy_sequence,sample_HelloWorld,GetFeed,,WorkerThreadStart,1
legacy_sequence,sample_HelloWorld,GetFeed,,ExecuteSequenceSteps,249
legacy_sequence,sample_HelloWorld,GetFeed,,GetDocument,249
legacy_sequence,sample_HelloWorld,GetFeed,,Host,0
legacy_sequence,sample_HelloWorld,GetFeed,,Convertigo,251
legacy_sequence,sample_HelloWorld,GetFeed,,Total,251
flow_sequence,sample_HelloWorldFlowRun4,ReadNasaFeed,,WorkerThreadStart,1
flow_sequence,sample_HelloWorldFlowRun4,ReadNasaFeed,,GetDocument,274
flow_sequence,sample_HelloWorldFlowRun4,ReadNasaFeed,,Host,0
flow_sequence,sample_HelloWorldFlowRun4,ReadNasaFeed,,Convertigo,277
flow_sequence,sample_HelloWorldFlowRun4,ReadNasaFeed,,Total,277
flow_sequence,sample_HelloWorldFlowRun4,ReadNasaFeed,,WorkerThreadStart,0
flow_sequence,sample_HelloWorldFlowRun4,ReadNasaFeed,,GetDocument,177
flow_sequence,sample_HelloWorldFlowRun4,ReadNasaFeed,,Host,0
flow_sequence,sample_HelloWorldFlowRun4,ReadNasaFeed,,Convertigo,180
flow_sequence,sample_HelloWorldFlowRun4,ReadNasaFeed,,Total,180
flow_sequence,sample_HelloWorldFlowRun4,ReadNasaFeed,,WorkerThreadStart,0
flow_sequence,sample_HelloWorldFlowRun4,ReadNasaFeed,,GetDocument,178
flow_sequence,sample_HelloWorldFlowRun4,ReadNasaFeed,,Host,0
flow_sequence,sample_HelloWorldFlowRun4,ReadNasaFeed,,Convertigo,180
flow_sequence,sample_HelloWorldFlowRun4,ReadNasaFeed,,Total,180
flow_sequence,sample_HelloWorldFlowRun4,ReadNasaFeed,,WorkerThreadStart,0
flow_sequence,sample_HelloWorldFlowRun4,ReadNasaFeed,,GetDocument,195
flow_sequence,sample_HelloWorldFlowRun4,ReadNasaFeed,,Host,0
flow_sequence,sample_HelloWorldFlowRun4,ReadNasaFeed,,Convertigo,197
flow_sequence,sample_HelloWorldFlowRun4,ReadNasaFeed,,Total,197
flow_sequence,sample_HelloWorldFlowRun4,ReadNasaFeed,,WorkerThreadStart,0
flow_sequence,sample_HelloWorldFlowRun4,ReadNasaFeed,,GetDocument,172
flow_sequence,sample_HelloWorldFlowRun4,ReadNasaFeed,,Host,0
flow_sequence,sample_HelloWorldFlowRun4,ReadNasaFeed,,Convertigo,174
flow_sequence,sample_HelloWorldFlowRun4,ReadNasaFeed,,Total,174
flow_sequence,sample_HelloWorldFlowRun4,ReadNasaFeed,,WorkerThreadStart,0
flow_sequence,sample_HelloWorldFlowRun4,ReadNasaFeed,,GetDocument,180
flow_sequence,sample_HelloWorldFlowRun4,ReadNasaFeed,,Host,0
flow_sequence,sample_HelloWorldFlowRun4,ReadNasaFeed,,Convertigo,181
flow_sequence,sample_HelloWorldFlowRun4,ReadNasaFeed,,Total,181
flow_sequence,sample_HelloWorldFlowRun4,ReadNasaFeed,,WorkerThreadStart,0
flow_sequence,sample_HelloWorldFlowRun4,ReadNasaFeed,,GetDocument,174
flow_sequence,sample_HelloWorldFlowRun4,ReadNasaFeed,,Host,0
flow_sequence,sample_HelloWorldFlowRun4,ReadNasaFeed,,Convertigo,177
flow_sequence,sample_HelloWorldFlowRun4,ReadNasaFeed,,Total,177
flow_sequence,sample_HelloWorldFlowRun4,ReadNasaFeed,,WorkerThreadStart,0
flow_sequence,sample_HelloWorldFlowRun4,ReadNasaFeed,,GetDocument,173
flow_sequence,sample_HelloWorldFlowRun4,ReadNasaFeed,,Host,0
flow_sequence,sample_HelloWorldFlowRun4,ReadNasaFeed,,Convertigo,175
flow_sequence,sample_HelloWorldFlowRun4,ReadNasaFeed,,Total,175
flow_sequence,sample_HelloWorldFlowRun4,ReadNasaFeed,,WorkerThreadStart,1
flow_sequence,sample_HelloWorldFlowRun4,ReadNasaFeed,,GetDocument,169
flow_sequence,sample_HelloWorldFlowRun4,ReadNasaFeed,,Host,0
flow_sequence,sample_HelloWorldFlowRun4,ReadNasaFeed,,Convertigo,171
flow_sequence,sample_HelloWorldFlowRun4,ReadNasaFeed,,Total,171
flow_sequence,sample_HelloWorldFlowRun4,ReadNasaFeed,,WorkerThreadStart,0
flow_sequence,sample_HelloWorldFlowRun4,ReadNasaFeed,,GetDocument,179
flow_sequence,sample_HelloWorldFlowRun4,ReadNasaFeed,,Host,0
flow_sequence,sample_HelloWorldFlowRun4,ReadNasaFeed,,Convertigo,181
flow_sequence,sample_HelloWorldFlowRun4,ReadNasaFeed,,Total,181
flow_sequence,sample_HelloWorldFlowRun4,ReadNasaFeed,,WorkerThreadStart,1
flow_sequence,sample_HelloWorldFlowRun4,ReadNasaFeed,,GetDocument,181
flow_sequence,sample_HelloWorldFlowRun4,ReadNasaFeed,,Host,0
flow_sequence,sample_HelloWorldFlowRun4,ReadNasaFeed,,Convertigo,182
flow_sequence,sample_HelloWorldFlowRun4,ReadNasaFeed,,Total,182
flow_sequence,sample_HelloWorldFlowRun4,ReadNasaFeed,,WorkerThreadStart,1
flow_sequence,sample_HelloWorldFlowRun4,ReadNasaFeed,,GetDocument,172
flow_sequence,sample_HelloWorldFlowRun4,ReadNasaFeed,,Host,0
flow_sequence,sample_HelloWorldFlowRun4,ReadNasaFeed,,Convertigo,173
flow_sequence,sample_HelloWorldFlowRun4,ReadNasaFeed,,Total,173
flow_sequence,sample_HelloWorldFlowRun4,ReadNasaFeed,,WorkerThreadStart,1
flow_sequence,sample_HelloWorldFlowRun4,ReadNasaFeed,,GetDocument,168
flow_sequence,sample_HelloWorldFlowRun4,ReadNasaFeed,,Host,0
flow_sequence,sample_HelloWorldFlowRun4,ReadNasaFeed,,Convertigo,170
flow_sequence,sample_HelloWorldFlowRun4,ReadNasaFeed,,Total,170
flow_sequence,sample_HelloWorldFlowRun4,ReadNasaFeed,,WorkerThreadStart,0
flow_sequence,sample_HelloWorldFlowRun4,ReadNasaFeed,,GetDocument,175
flow_sequence,sample_HelloWorldFlowRun4,ReadNasaFeed,,Host,0
flow_sequence,sample_HelloWorldFlowRun4,ReadNasaFeed,,Convertigo,178
flow_sequence,sample_HelloWorldFlowRun4,ReadNasaFeed,,Total,178
flow_sequence,sample_HelloWorldFlowRun4,ReadNasaFeed,,WorkerThreadStart,0
flow_sequence,sample_HelloWorldFlowRun4,ReadNasaFeed,,GetDocument,170
flow_sequence,sample_HelloWorldFlowRun4,ReadNasaFeed,,Host,0
flow_sequence,sample_HelloWorldFlowRun4,ReadNasaFeed,,Convertigo,172
flow_sequence,sample_HelloWorldFlowRun4,ReadNasaFeed,,Total,172
flow_sequence,sample_HelloWorldFlowRun4,ReadNasaFeed,,WorkerThreadStart,1
flow_sequence,sample_HelloWorldFlowRun4,ReadNasaFeed,,GetDocument,178
flow_sequence,sample_HelloWorldFlowRun4,ReadNasaFeed,,Host,0
flow_sequence,sample_HelloWorldFlowRun4,ReadNasaFeed,,Convertigo,180
flow_sequence,sample_HelloWorldFlowRun4,ReadNasaFeed,,Total,180
flow_sequence,sample_HelloWorldFlowRun4,ReadNasaFeed,,WorkerThreadStart,1
flow_sequence,sample_HelloWorldFlowRun4,ReadNasaFeed,,GetDocument,180
flow_sequence,sample_HelloWorldFlowRun4,ReadNasaFeed,,Host,0
flow_sequence,sample_HelloWorldFlowRun4,ReadNasaFeed,,Convertigo,181
flow_sequence,sample_HelloWorldFlowRun4,ReadNasaFeed,,Total,181
flow_sequence,sample_HelloWorldFlowRun4,ReadNasaFeed,,WorkerThreadStart,0
flow_sequence,sample_HelloWorldFlowRun4,ReadNasaFeed,,GetDocument,167
flow_sequence,sample_HelloWorldFlowRun4,ReadNasaFeed,,Host,0
flow_sequence,sample_HelloWorldFlowRun4,ReadNasaFeed,,Convertigo,169
flow_sequence,sample_HelloWorldFlowRun4,ReadNasaFeed,,Total,169
flow_sequence,sample_HelloWorldFlowRun4,ReadNasaFeed,,WorkerThreadStart,1
flow_sequence,sample_HelloWorldFlowRun4,ReadNasaFeed,,GetDocument,175
flow_sequence,sample_HelloWorldFlowRun4,ReadNasaFeed,,Host,0
flow_sequence,sample_HelloWorldFlowRun4,ReadNasaFeed,,Convertigo,176
flow_sequence,sample_HelloWorldFlowRun4,ReadNasaFeed,,Total,176
flow_sequence,sample_HelloWorldFlowRun4,ReadNasaFeed,,WorkerThreadStart,0
flow_sequence,sample_HelloWorldFlowRun4,ReadNasaFeed,,GetDocument,170
flow_sequence,sample_HelloWorldFlowRun4,ReadNasaFeed,,Host,0
flow_sequence,sample_HelloWorldFlowRun4,ReadNasaFeed,,Convertigo,172
flow_sequence,sample_HelloWorldFlowRun4,ReadNasaFeed,,Total,172
flow_sequence,sample_HelloWorldFlowRun4,ReadNasaFeed,,WorkerThreadStart,1
flow_sequence,sample_HelloWorldFlowRun4,ReadNasaFeed,,GetDocument,165
flow_sequence,sample_HelloWorldFlowRun4,ReadNasaFeed,,Host,0
flow_sequence,sample_HelloWorldFlowRun4,ReadNasaFeed,,Convertigo,167
flow_sequence,sample_HelloWorldFlowRun4,ReadNasaFeed,,Total,167
flow_sequence,sample_HelloWorldFlowRun4,ReadNasaFeed,,WorkerThreadStart,0
flow_sequence,sample_HelloWorldFlowRun4,ReadNasaFeed,,GetDocument,162
flow_sequence,sample_HelloWorldFlowRun4,ReadNasaFeed,,Host,0
flow_sequence,sample_HelloWorldFlowRun4,ReadNasaFeed,,Convertigo,163
flow_sequence,sample_HelloWorldFlowRun4,ReadNasaFeed,,Total,163
flow_sequence,sample_HelloWorldFlowRun4,ReadNasaFeed,,WorkerThreadStart,0
flow_sequence,sample_HelloWorldFlowRun4,ReadNasaFeed,,GetDocument,161
flow_sequence,sample_HelloWorldFlowRun4,ReadNasaFeed,,Host,0
flow_sequence,sample_HelloWorldFlowRun4,ReadNasaFeed,,Convertigo,162
flow_sequence,sample_HelloWorldFlowRun4,ReadNasaFeed,,Total,162
flow_sequence,sample_HelloWorldFlowRun4,ReadNasaFeed,,WorkerThreadStart,0
flow_sequence,sample_HelloWorldFlowRun4,ReadNasaFeed,,GetDocument,162
flow_sequence,sample_HelloWorldFlowRun4,ReadNasaFeed,,Host,0
flow_sequence,sample_HelloWorldFlowRun4,ReadNasaFeed,,Convertigo,164
flow_sequence,sample_HelloWorldFlowRun4,ReadNasaFeed,,Total,164
flow_sequence,sample_HelloWorldFlowRun4,ReadNasaFeed,,WorkerThreadStart,0
flow_sequence,sample_HelloWorldFlowRun4,ReadNasaFeed,,GetDocument,160
flow_sequence,sample_HelloWorldFlowRun4,ReadNasaFeed,,Host,0
flow_sequence,sample_HelloWorldFlowRun4,ReadNasaFeed,,Convertigo,162
flow_sequence,sample_HelloWorldFlowRun4,ReadNasaFeed,,Total,162
flow_sequence,sample_HelloWorldFlowRun4,ReadNasaFeed,,WorkerThreadStart,0
flow_sequence,sample_HelloWorldFlowRun4,ReadNasaFeed,,GetDocument,163
flow_sequence,sample_HelloWorldFlowRun4,ReadNasaFeed,,Host,0
flow_sequence,sample_HelloWorldFlowRun4,ReadNasaFeed,,Convertigo,165
flow_sequence,sample_HelloWorldFlowRun4,ReadNasaFeed,,Total,165
flow_sequence,sample_HelloWorldFlowRun4,ReadNasaFeed,,WorkerThreadStart,0
flow_sequence,sample_HelloWorldFlowRun4,ReadNasaFeed,,GetDocument,179
flow_sequence,sample_HelloWorldFlowRun4,ReadNasaFeed,,Host,0
flow_sequence,sample_HelloWorldFlowRun4,ReadNasaFeed,,Convertigo,180
flow_sequence,sample_HelloWorldFlowRun4,ReadNasaFeed,,Total,180
flow_sequence,sample_HelloWorldFlowRun4,ReadNasaFeed,,WorkerThreadStart,1
flow_sequence,sample_HelloWorldFlowRun4,ReadNasaFeed,,GetDocument,161
flow_sequence,sample_HelloWorldFlowRun4,ReadNasaFeed,,Host,0
flow_sequence,sample_HelloWorldFlowRun4,ReadNasaFeed,,Convertigo,162
flow_sequence,sample_HelloWorldFlowRun4,ReadNasaFeed,,Total,162
flow_sequence,sample_HelloWorldFlowRun4,ReadNasaFeed,,WorkerThreadStart,1
flow_sequence,sample_HelloWorldFlowRun4,ReadNasaFeed,,GetDocument,160
flow_sequence,sample_HelloWorldFlowRun4,ReadNasaFeed,,Host,0
flow_sequence,sample_HelloWorldFlowRun4,ReadNasaFeed,,Convertigo,161
flow_sequence,sample_HelloWorldFlowRun4,ReadNasaFeed,,Total,161
flow_sequence,sample_HelloWorldFlowRun4,ReadNasaFeed,,WorkerThreadStart,0
flow_sequence,sample_HelloWorldFlowRun4,ReadNasaFeed,,GetDocument,164
flow_sequence,sample_HelloWorldFlowRun4,ReadNasaFeed,,Host,0
flow_sequence,sample_HelloWorldFlowRun4,ReadNasaFeed,,Convertigo,166
flow_sequence,sample_HelloWorldFlowRun4,ReadNasaFeed,,Total,166
flow_sequence,sample_HelloWorldFlowRun4,ReadNasaFeed,,WorkerThreadStart,0
flow_sequence,sample_HelloWorldFlowRun4,ReadNasaFeed,,GetDocument,157
flow_sequence,sample_HelloWorldFlowRun4,ReadNasaFeed,,Host,0
flow_sequence,sample_HelloWorldFlowRun4,ReadNasaFeed,,Convertigo,159
flow_sequence,sample_HelloWorldFlowRun4,ReadNasaFeed,,Total,159
flow_sequence,sample_HelloWorldFlowRun4,ReadNasaFeed,,WorkerThreadStart,0
flow_sequence,sample_HelloWorldFlowRun4,ReadNasaFeed,,GetDocument,163
flow_sequence,sample_HelloWorldFlowRun4,ReadNasaFeed,,Host,0
flow_sequence,sample_HelloWorldFlowRun4,ReadNasaFeed,,Convertigo,165
flow_sequence,sample_HelloWorldFlowRun4,ReadNasaFeed,,Total,165
flow_sequence,sample_HelloWorldFlowRun4,ReadNasaFeed,,WorkerThreadStart,0
flow_sequence,sample_HelloWorldFlowRun4,ReadNasaFeed,,GetDocument,160
flow_sequence,sample_HelloWorldFlowRun4,ReadNasaFeed,,Host,0
flow_sequence,sample_HelloWorldFlowRun4,ReadNasaFeed,,Convertigo,162
flow_sequence,sample_HelloWorldFlowRun4,ReadNasaFeed,,Total,162
flow_sequence,sample_HelloWorldFlowRun4,ReadNasaFeed,,WorkerThreadStart,0
flow_sequence,sample_HelloWorldFlowRun4,ReadNasaFeed,,GetDocument,165
flow_sequence,sample_HelloWorldFlowRun4,ReadNasaFeed,,Host,0
flow_sequence,sample_HelloWorldFlowRun4,ReadNasaFeed,,Convertigo,167
flow_sequence,sample_HelloWorldFlowRun4,ReadNasaFeed,,Total,167
flow_sequence,sample_HelloWorldFlowRun4,ReadNasaFeed,,WorkerThreadStart,0
flow_sequence,sample_HelloWorldFlowRun4,ReadNasaFeed,,GetDocument,161
flow_sequence,sample_HelloWorldFlowRun4,ReadNasaFeed,,Host,0
flow_sequence,sample_HelloWorldFlowRun4,ReadNasaFeed,,Convertigo,162
flow_sequence,sample_HelloWorldFlowRun4,ReadNasaFeed,,Total,162
